Client_Id,Sessions,Avg. Session Duration,Bounce Rate,Revenue,Transactions,Goal Conversion Rate
1180339774.1593093831,10,00:00:00,100.00%,$0.00,0,0.00%
2071917428.1588836594,10,00:05:06,10.00%,$0.00,0,0.00%
1201997494.1593101443,5,00:00:00,100.00%,$0.00,0,0.00%
1201069626.1592559388,4,00:09:07,75.00%,$0.00,0,0.00%
1494835596.1593060124,4,00:02:11,0.00%,$0.00,0,0.00%
1703469862.1590383675,4,00:25:31,0.00%,$0.00,0,0.00%
2106319735.1593143235,4,00:00:00,100.00%,$0.00,0,0.00%
1052547902.1593250736,3,00:00:00,100.00%,$0.00,0,0.00%
1224577205.1593319274,3,00:06:51,33.33%,$0.00,0,0.00%
1237317650.1593511805,3,00:04:39,66.67%,$0.00,0,0.00%
1360839011.1593105940,3,00:00:21,66.67%,$0.00,0,0.00%
1610088020.1593429265,3,00:08:19,33.33%,$0.00,0,0.00%
1787492469.1589887098,3,00:33:01,33.33%,$0.00,0,0.00%
191879939.1593222330,3,00:00:00,100.00%,$0.00,0,0.00%
2030802866.1583740649,3,00:08:23,0.00%,$0.00,0,0.00%
2059235334.1593158394,3,00:00:39,66.67%,$0.00,0,0.00%
2065401317.1584955591,3,00:00:18,0.00%,$0.00,0,0.00%
2090889406.1553387426,3,00:00:00,100.00%,$0.00,0,0.00%
374076574.1593131974,3,00:00:14,33.33%,$0.00,0,0.00%
101797821.1593066211,2,00:00:42,0.00%,$0.00,0,0.00%
1030112746.1588304285,2,00:24:17,50.00%,$0.00,0,0.00%
1036781165.1593070305,2,00:00:39,50.00%,$0.00,0,0.00%
107711164.1593200811,2,00:00:00,100.00%,$0.00,0,0.00%
1121354803.1593157805,2,00:00:00,100.00%,$0.00,0,0.00%
1128976892.1581738481,2,00:01:12,50.00%,$0.00,0,0.00%
1279785455.1592891057,2,00:13:19,50.00%,$0.00,0,0.00%
1331520132.1593510048,2,00:00:00,100.00%,$0.00,0,0.00%
1395097972.1593070589,2,00:02:23,50.00%,$0.00,0,0.00%
1476705104.1593140037,2,00:00:00,100.00%,$0.00,0,0.00%
1480662880.1593109049,2,00:11:38,0.00%,$0.00,0,0.00%
1506018581.1593275312,2,00:00:17,50.00%,$0.00,0,0.00%
1568726195.1591931183,2,00:00:00,100.00%,$0.00,0,0.00%
1598490296.1591604728,2,00:06:12,50.00%,$0.00,0,0.00%
1628721758.1588039934,2,00:00:01,50.00%,$0.00,0,0.00%
1707234373.1593140593,2,00:02:50,50.00%,$0.00,0,0.00%
1788048381.1593135312,2,00:01:05,0.00%,$0.00,0,0.00%
1800286814.1593133604,2,00:02:48,0.00%,$0.00,0,0.00%
1806187158.1593072434,2,00:00:00,100.00%,$0.00,0,0.00%
1820146972.1574835187,2,00:00:19,50.00%,$0.00,0,0.00%
1838861362.1574402860,2,00:14:16,0.00%,$0.00,0,0.00%
1894122736.1590141177,2,00:00:00,100.00%,$0.00,0,0.00%
1933806074.1592983035,2,00:00:01,50.00%,$0.00,0,0.00%
1943127811.1593075845,2,00:00:05,50.00%,$0.00,0,0.00%
1984379052.1593101473,2,00:00:00,100.00%,$0.00,0,0.00%
2006076594.1593190339,2,00:09:56,0.00%,$0.00,0,0.00%
2008121506.1593082747,2,00:00:55,0.00%,$0.00,0,0.00%
2012719511.1593079016,2,00:00:03,50.00%,$0.00,0,0.00%
2054282047.1593154488,2,00:00:00,100.00%,$0.00,0,0.00%
2083494547.1593526696,2,00:26:45,50.00%,$0.00,0,0.00%
2097554447.1553443523,2,00:01:32,50.00%,$0.00,0,0.00%
2097722561.1593511097,2,00:02:21,50.00%,$0.00,0,0.00%
21282124.1593330609,2,00:00:00,100.00%,$0.00,0,0.00%
238095512.1567248936,2,00:00:30,50.00%,$0.00,0,0.00%
241093050.1593093034,2,00:03:10,50.00%,$0.00,0,0.00%
24229119.1593392428,2,00:10:43,0.00%,$0.00,0,0.00%
293279395.1592760318,2,00:10:10,50.00%,$0.00,0,0.00%
354872493.1593089570,2,00:00:03,50.00%,$0.00,0,0.00%
355891189.1593333803,2,00:13:50,50.00%,$0.00,0,0.00%
425142018.1593073990,2,00:00:46,50.00%,$0.00,0,0.00%
428680914.1593053071,2,00:00:37,0.00%,$0.00,0,0.00%
454275666.1584346160,2,00:08:26,50.00%,$0.00,0,0.00%
495883948.1593076120,2,00:02:47,0.00%,$0.00,0,0.00%
519179278.1590082708,2,00:00:12,50.00%,$0.00,0,0.00%
542299162.1593065331,2,00:00:33,0.00%,$0.00,0,0.00%
589016524.1592968499,2,00:04:33,0.00%,$0.00,0,0.00%
609518763.1593265559,2,00:00:00,100.00%,$0.00,0,0.00%
620391252.1593064085,2,00:00:30,50.00%,$0.00,0,0.00%
641373090.1593064214,2,00:03:54,0.00%,$0.00,0,0.00%
747144183.1593392169,2,00:02:28,0.00%,$0.00,0,0.00%
792806100.1582346650,2,00:01:10,0.00%,$0.00,0,0.00%
839020214.1593409574,2,00:18:22,0.00%,$0.00,0,0.00%
878611760.1593318408,2,00:12:08,0.00%,$0.00,0,0.00%
912958699.1593516928,2,00:00:00,100.00%,$0.00,0,0.00%
93931053.1591520743,2,00:00:04,50.00%,$0.00,0,0.00%
999731598.1593251588,2,00:00:00,100.00%,$0.00,0,0.00%
1000561704.1593506345,1,00:00:35,0.00%,$0.00,0,0.00%
1001037375.1593333831,1,00:00:20,0.00%,$0.00,0,0.00%
1005645472.1592643336,1,00:00:02,0.00%,$0.00,0,0.00%
100798183.1549273563,1,00:00:08,0.00%,$0.00,0,0.00%
1008230142.1593497350,1,00:02:12,0.00%,$0.00,0,0.00%
1009613753.1593157464,1,00:00:00,100.00%,$0.00,0,0.00%
1012382415.1593475290,1,00:00:00,100.00%,$0.00,0,0.00%
101596128.1593255867,1,00:03:31,0.00%,$0.00,0,0.00%
1017936260.1593254917,1,00:00:09,0.00%,$0.00,0,0.00%
1020772911.1584954264,1,00:01:38,0.00%,$0.00,0,0.00%
1021176648.1592968069,1,00:09:10,0.00%,$0.00,0,0.00%
1023658509.1593132134,1,00:00:00,100.00%,$0.00,0,0.00%
1027056356.1593151332,1,00:00:00,100.00%,$0.00,0,0.00%
1030528762.1593454723,1,00:00:00,100.00%,$0.00,0,0.00%
103759739.1593176194,1,00:00:00,100.00%,$0.00,0,0.00%
1038455637.1593066691,1,00:01:48,0.00%,$0.00,0,0.00%
1039803295.1593061800,1,00:00:00,100.00%,$0.00,0,0.00%
1041792449.1593046306,1,00:00:00,100.00%,$0.00,0,0.00%
104271762.1593358286,1,00:00:26,0.00%,$0.00,0,0.00%
1044140310.1593486162,1,00:00:58,0.00%,$0.00,0,0.00%
1046605690.1588042964,1,00:00:29,0.00%,$0.00,0,0.00%
1048073470.1593018069,1,00:00:00,100.00%,$0.00,0,0.00%
1048115046.1593058503,1,00:00:00,100.00%,$0.00,0,0.00%
1049196101.1593434134,1,00:00:00,100.00%,$0.00,0,0.00%
1052610429.1593142931,1,00:00:00,100.00%,$0.00,0,0.00%
1053278081.1593065747,1,00:00:00,100.00%,$0.00,0,0.00%
1054750368.1593132166,1,00:00:00,100.00%,$0.00,0,0.00%
105487537.1593418948,1,00:00:00,100.00%,$0.00,0,0.00%
1055793422.1593215603,1,00:00:00,100.00%,$0.00,0,0.00%
1058957666.1588074287,1,00:02:18,0.00%,$0.00,0,0.00%
1064019478.1593107877,1,00:00:20,0.00%,$0.00,0,0.00%
1065084615.1593265608,1,00:00:00,100.00%,$0.00,0,0.00%
1066194820.1593522465,1,00:00:00,100.00%,$0.00,0,0.00%
1066704068.1593327092,1,00:00:00,100.00%,$0.00,0,0.00%
1067451393.1593249266,1,00:00:02,0.00%,$0.00,0,0.00%
1069059611.1587696269,1,00:00:00,100.00%,$0.00,0,0.00%
1069999226.1593356149,1,00:00:00,100.00%,$0.00,0,0.00%
1071439766.1593348084,1,00:55:31,0.00%,$0.00,0,0.00%
1071543425.1593418292,1,00:00:00,100.00%,$0.00,0,0.00%
1073722577.1593329436,1,00:01:58,0.00%,$0.00,0,0.00%
1074620446.1593184071,1,00:05:21,0.00%,$0.00,0,0.00%
1075727187.1593298288,1,00:00:00,100.00%,$0.00,0,0.00%
1078701617.1593065559,1,00:00:09,0.00%,$0.00,0,0.00%
1080213261.1593064042,1,00:07:35,0.00%,$0.00,0,0.00%
1086090917.1593102163,1,00:03:48,0.00%,$0.00,0,0.00%
1087404540.1593090027,1,00:01:42,0.00%,$0.00,0,0.00%
1088673472.1593263153,1,00:00:00,100.00%,$0.00,0,0.00%
1089104306.1593332190,1,00:02:35,0.00%,$0.00,0,0.00%
1089258769.1593262173,1,00:00:00,100.00%,$0.00,0,0.00%
1090372735.1590577358,1,00:03:36,0.00%,$0.00,0,0.00%
1093939131.1593363789,1,00:00:40,0.00%,$0.00,0,0.00%
1094672132.1593078186,1,00:00:49,0.00%,$0.00,0,0.00%
1096861000.1593225341,1,00:05:44,0.00%,$0.00,0,0.00%
1098445441.1593152638,1,00:00:00,100.00%,$0.00,0,0.00%
1101830866.1593428183,1,00:00:00,100.00%,$0.00,0,0.00%
1102643798.1593060294,1,00:00:00,100.00%,$0.00,0,0.00%
1104340291.1593342079,1,00:00:03,0.00%,$0.00,0,0.00%
1105261595.1593230635,1,00:00:04,0.00%,$0.00,0,0.00%
1108589730.1593236056,1,00:00:00,100.00%,$0.00,0,0.00%
1110706627.1593345271,1,00:05:03,0.00%,$0.00,0,0.00%
1110754426.1593076099,1,00:00:00,100.00%,$0.00,0,0.00%
1111918357.1593167877,1,00:01:59,0.00%,$0.00,0,0.00%
1112590759.1593184960,1,00:00:00,100.00%,$0.00,0,0.00%
1112733980.1593158447,1,00:03:31,0.00%,$0.00,0,0.00%
1113863732.1593429096,1,00:00:00,100.00%,$0.00,0,0.00%
111457133.1593398655,1,00:01:14,0.00%,$0.00,0,0.00%
1117114310.1593182489,1,00:00:00,100.00%,$0.00,0,0.00%
1117906687.1593405842,1,00:00:00,100.00%,$0.00,0,0.00%
112003127.1593146837,1,00:00:00,100.00%,$0.00,0,0.00%
1120716286.1551070466,1,00:00:00,100.00%,$0.00,0,0.00%
1121202413.1593320054,1,00:00:00,100.00%,$0.00,0,0.00%
1123245982.1593266320,1,00:01:53,0.00%,$0.00,0,0.00%
1131431038.1593271774,1,00:00:33,0.00%,$0.00,0,0.00%
1131830318.1592971245,1,00:17:15,0.00%,$0.00,0,0.00%
1134020882.1593079899,1,00:03:44,0.00%,$0.00,0,0.00%
1134703284.1593270510,1,00:00:00,100.00%,$0.00,0,0.00%
1135845807.1587654608,1,00:00:00,100.00%,$0.00,0,0.00%
1137689215.1589294175,1,00:00:00,100.00%,$0.00,0,0.00%
1138009679.1593338998,1,00:00:00,100.00%,$0.00,0,0.00%
1141517406.1593442977,1,00:00:04,0.00%,$0.00,0,0.00%
114222312.1589992279,1,00:01:58,0.00%,$0.00,0,0.00%
114251982.1582097174,1,00:00:00,100.00%,$0.00,0,0.00%
1142800496.1593171094,1,00:00:00,100.00%,$0.00,0,0.00%
1144928364.1590222183,1,00:01:02,0.00%,$0.00,0,0.00%
114774185.1593359193,1,00:09:14,0.00%,$0.00,0,0.00%
1148103388.1593397193,1,00:00:42,0.00%,$0.00,0,0.00%
1148323479.1593397883,1,00:00:00,100.00%,$0.00,0,0.00%
1148542206.1593267716,1,00:00:00,100.00%,$0.00,0,0.00%
1151385760.1593099962,1,00:00:00,100.00%,$0.00,0,0.00%
1152988616.1593407961,1,00:00:00,100.00%,$0.00,0,0.00%
1156689528.1593077497,1,00:00:53,0.00%,$0.00,0,0.00%
1158202217.1593334944,1,00:00:00,100.00%,$0.00,0,0.00%
1160583427.1593159563,1,00:00:00,100.00%,$0.00,0,0.00%
1163028201.1593343182,1,00:21:50,0.00%,$0.00,0,0.00%
1163666758.1593317852,1,00:03:54,0.00%,$0.00,0,0.00%
1164477592.1593099105,1,00:00:00,100.00%,$0.00,0,0.00%
1169513466.1593318832,1,00:10:51,0.00%,$0.00,0,0.00%
1170535508.1592671890,1,00:24:21,0.00%,$0.00,0,0.00%
1173904885.1593157066,1,00:00:00,100.00%,$0.00,0,0.00%
1175322039.1593339336,1,00:00:26,0.00%,$0.00,0,0.00%
1176462063.1592842236,1,00:30:19,0.00%,$0.00,0,0.00%
1180592499.1593062987,1,00:00:15,0.00%,$0.00,0,0.00%
1184335881.1593487917,1,00:00:00,100.00%,$0.00,0,0.00%
1185512379.1593144814,1,00:00:00,100.00%,$0.00,0,0.00%
1185794152.1593407201,1,00:00:00,100.00%,$0.00,0,0.00%
1186751910.1593357005,1,00:00:00,100.00%,$0.00,0,0.00%
1190375686.1593449868,1,00:00:00,100.00%,$0.00,0,0.00%
1192672030.1593526932,1,00:00:28,0.00%,$0.00,0,0.00%
1193361981.1593074883,1,00:00:00,100.00%,$0.00,0,0.00%
1194425181.1593252462,1,00:00:13,0.00%,$0.00,0,0.00%
1194989347.1593271251,1,00:00:00,100.00%,$0.00,0,0.00%
1199124076.1593135405,1,00:01:07,0.00%,$0.00,0,0.00%
1207697147.1593151395,1,00:00:00,100.00%,$0.00,0,0.00%
1209813227.1593372328,1,00:00:18,0.00%,$0.00,0,0.00%
1210599361.1589959491,1,00:00:00,100.00%,$0.00,0,0.00%
1210916334.1593156468,1,00:00:00,100.00%,$0.00,0,0.00%
1215994716.1593478511,1,00:00:00,100.00%,$0.00,0,0.00%
1217437348.1593318806,1,00:00:00,100.00%,$0.00,0,0.00%
1219054355.1593323317,1,00:03:49,0.00%,$0.00,0,0.00%
1221683938.1593480336,1,00:00:00,100.00%,$0.00,0,0.00%
1222765225.1560269787,1,00:38:04,0.00%,$0.00,0,0.00%
1227359002.1593327282,1,00:00:00,100.00%,$0.00,0,0.00%
1232532265.1593317823,1,00:00:00,100.00%,$0.00,0,0.00%
1233596953.1593261424,1,00:00:00,100.00%,$0.00,0,0.00%
1234169193.1593075730,1,00:04:31,0.00%,$0.00,0,0.00%
1234200267.1578812331,1,00:00:00,100.00%,$0.00,0,0.00%
1237379906.1576735870,1,00:00:00,100.00%,$0.00,0,0.00%
1238751404.1593360646,1,00:00:00,100.00%,$0.00,0,0.00%
1238967191.1582646079,1,00:00:57,0.00%,$0.00,0,0.00%
1239621108.1593531658,1,00:00:00,100.00%,$0.00,0,0.00%
1241260507.1593087443,1,00:05:56,0.00%,$0.00,0,0.00%
1241564184.1575033746,1,00:00:00,100.00%,$0.00,0,0.00%
1245096330.1593072297,1,00:01:58,0.00%,$0.00,0,0.00%
1246930400.1593514854,1,00:00:36,0.00%,$0.00,0,0.00%
1254208325.1593100983,1,00:00:00,100.00%,$0.00,0,0.00%
1259744108.1593074034,1,00:00:00,100.00%,$0.00,0,0.00%
1261289586.1593096711,1,00:00:16,0.00%,$0.00,0,0.00%
126201353.1592737363,1,00:00:00,100.00%,$0.00,0,0.00%
1263397374.1592969067,1,00:00:08,0.00%,$0.00,0,0.00%
1264084378.1593175600,1,00:00:00,100.00%,$0.00,0,0.00%
1265169641.1593181641,1,00:01:29,0.00%,$0.00,0,0.00%
1266101289.1593146405,1,00:00:00,100.00%,$0.00,0,0.00%
1267976144.1588004813,1,00:00:00,100.00%,$0.00,0,0.00%
1269995674.1593374180,1,00:00:00,100.00%,$0.00,0,0.00%
1271525496.1593414320,1,00:00:00,100.00%,$0.00,0,0.00%
1272372685.1576819843,1,00:00:00,100.00%,$0.00,0,0.00%
127403357.1593078421,1,00:00:00,100.00%,$0.00,0,0.00%
1278581985.1593414797,1,00:00:00,100.00%,$0.00,0,0.00%
1278658601.1593321181,1,00:00:00,100.00%,$0.00,0,0.00%
128101909.1593073024,1,00:04:08,0.00%,$0.00,0,0.00%
128563569.1550424453,1,00:00:45,0.00%,$0.00,0,0.00%
1287856587.1593068199,1,00:02:51,0.00%,$0.00,0,0.00%
1289563386.1583409548,1,00:00:00,100.00%,$0.00,0,0.00%
1289878282.1590842844,1,00:01:30,0.00%,$0.00,0,0.00%
1290783154.1593351987,1,00:00:00,100.00%,$0.00,0,0.00%
129523598.1593237933,1,00:01:14,0.00%,$0.00,0,0.00%
1297465792.1593171685,1,00:00:00,100.00%,$0.00,0,0.00%
1301058889.1593472352,1,00:07:05,0.00%,$0.00,0,0.00%
1303506210.1593072530,1,00:00:00,100.00%,$0.00,0,0.00%
1304288506.1593175744,1,00:00:31,0.00%,$0.00,0,0.00%
1304608997.1592846133,1,00:00:07,0.00%,$0.00,0,0.00%
1305209680.1593439005,1,00:00:00,100.00%,$0.00,0,0.00%
1308618097.1593139817,1,00:00:00,100.00%,$0.00,0,0.00%
1311446392.1593158665,1,00:00:00,100.00%,$0.00,0,0.00%
1311726597.1593433713,1,00:00:40,0.00%,$0.00,0,0.00%
1312601930.1593077949,1,00:00:00,100.00%,$0.00,0,0.00%
1312816330.1593318957,1,00:00:15,0.00%,$0.00,0,0.00%
1312868743.1593059400,1,00:00:00,100.00%,$0.00,0,0.00%
1313278837.1593228789,1,00:00:00,100.00%,$0.00,0,0.00%
1314796108.1593160984,1,00:03:32,0.00%,$0.00,0,0.00%
1315646598.1593247177,1,00:00:16,0.00%,$0.00,0,0.00%
1315976259.1593243279,1,00:00:00,100.00%,$0.00,0,0.00%
1321842850.1593077777,1,00:00:31,0.00%,$0.00,0,0.00%
1324163111.1593266469,1,00:00:00,100.00%,$0.00,0,0.00%
1326336639.1593174243,1,00:02:13,0.00%,$0.00,0,0.00%
1326587944.1593284213,1,00:03:36,0.00%,$0.00,0,0.00%
1332234422.1593280135,1,00:00:00,100.00%,$0.00,0,0.00%
1333830039.1593067898,1,00:00:14,0.00%,$0.00,0,0.00%
1336579315.1593139353,1,00:00:25,0.00%,$0.00,0,0.00%
1338461153.1593254124,1,00:00:00,100.00%,$0.00,0,0.00%
1340039543.1593521577,1,00:00:14,0.00%,$0.00,0,0.00%
1340858683.1588080867,1,00:03:21,0.00%,$0.00,0,0.00%
1343366437.1593167407,1,00:00:31,0.00%,$0.00,0,0.00%
1344109221.1592973330,1,00:00:37,0.00%,$0.00,0,0.00%
1347055808.1593255008,1,00:02:12,0.00%,$0.00,0,0.00%
1349895572.1593315576,1,00:00:00,100.00%,$0.00,0,0.00%
1354263358.1593106039,1,00:03:57,0.00%,$0.00,0,0.00%
1354629823.1593245157,1,00:00:24,0.00%,$0.00,0,0.00%
1355865717.1593408074,1,00:00:00,100.00%,$0.00,0,0.00%
1360949969.1593199705,1,00:00:42,0.00%,$0.00,0,0.00%
1361272092.1593070666,1,00:00:12,0.00%,$0.00,0,0.00%
1361352133.1593321446,1,00:00:00,100.00%,$0.00,0,0.00%
1362379630.1593502392,1,01:53:53,0.00%,$0.00,0,0.00%
1363434945.1593061788,1,00:00:11,0.00%,$0.00,0,0.00%
1363492598.1593417907,1,00:00:27,0.00%,$0.00,0,0.00%
1363857336.1593179247,1,00:00:00,100.00%,$0.00,0,0.00%
1365011190.1593177870,1,00:00:00,100.00%,$0.00,0,0.00%
1368615805.1591261972,1,00:00:57,0.00%,$0.00,0,0.00%
1368712104.1593397239,1,00:02:55,0.00%,$0.00,0,0.00%
1382665875.1593522287,1,00:00:00,100.00%,$0.00,0,0.00%
1382718131.1593158459,1,00:00:08,0.00%,$0.00,0,0.00%
1385424130.1548485959,1,00:02:30,0.00%,$0.00,0,0.00%
1387569890.1593479879,1,00:00:51,0.00%,$0.00,0,0.00%
1388264023.1593188052,1,00:00:00,100.00%,$0.00,0,0.00%
1388619105.1593146719,1,00:00:00,100.00%,$0.00,0,0.00%
1392339197.1593274996,1,00:00:00,100.00%,$0.00,0,0.00%
1393076543.1593437511,1,00:00:00,100.00%,$0.00,0,0.00%
1398451610.1593268632,1,00:00:00,100.00%,$0.00,0,0.00%
1401936596.1593422606,1,00:00:00,100.00%,$0.00,0,0.00%
1403607237.1593060817,1,00:07:38,0.00%,$0.00,0,0.00%
1405453854.1593496010,1,00:00:11,0.00%,$0.00,0,0.00%
1406659936.1593253472,1,00:00:00,100.00%,$0.00,0,0.00%
1407451207.1593066922,1,00:02:52,0.00%,$0.00,0,0.00%
1411797185.1593414265,1,00:00:41,0.00%,$0.00,0,0.00%
1412937491.1593158842,1,00:00:00,100.00%,$0.00,0,0.00%
1418088427.1593148727,1,00:00:00,100.00%,$0.00,0,0.00%
1425831195.1593176592,1,00:02:00,0.00%,$0.00,0,0.00%
1426443594.1593074872,1,00:00:00,100.00%,$0.00,0,0.00%
1427134678.1593197625,1,00:00:19,0.00%,$0.00,0,0.00%
1427893456.1548482094,1,00:00:25,0.00%,$0.00,0,0.00%
1428401758.1593179881,1,00:00:00,100.00%,$0.00,0,0.00%
1428492687.1593192953,1,00:00:00,100.00%,$0.00,0,0.00%
1436574262.1593165840,1,00:00:17,0.00%,$0.00,0,0.00%
1437760717.1593065787,1,00:00:00,100.00%,$0.00,0,0.00%
1438260881.1593406319,1,00:00:00,100.00%,$0.00,0,0.00%
1439504001.1592463846,1,00:00:00,100.00%,$0.00,0,0.00%
1439880579.1593328154,1,00:00:00,100.00%,$0.00,0,0.00%
1439916323.1593102336,1,00:00:00,100.00%,$0.00,0,0.00%
1442689126.1563342976,1,00:05:37,0.00%,$0.00,0,0.00%
1446895552.1593263902,1,00:00:00,100.00%,$0.00,0,0.00%
1448522451.1593066777,1,00:00:00,100.00%,$0.00,0,0.00%
1449843057.1592976922,1,00:00:20,0.00%,$0.00,0,0.00%
1459032232.1593329803,1,00:00:18,0.00%,$0.00,0,0.00%
1462812731.1593275457,1,00:00:13,0.00%,$0.00,0,0.00%
1470814467.1593065667,1,00:00:00,100.00%,$0.00,0,0.00%
147437953.1593227391,1,00:00:27,0.00%,$0.00,0,0.00%
1475096063.1593350472,1,00:00:00,100.00%,$0.00,0,0.00%
1476328943.1591793933,1,00:00:00,100.00%,$0.00,0,0.00%
147731603.1550386303,1,00:00:00,100.00%,$0.00,0,0.00%
1479213884.1593413320,1,00:00:00,100.00%,$0.00,0,0.00%
1479250107.1592969955,1,00:00:48,0.00%,$0.00,0,0.00%
1483495295.1593289807,1,00:13:35,0.00%,$0.00,0,0.00%
148545596.1593224578,1,00:00:00,100.00%,$0.00,0,0.00%
148592116.1593321620,1,00:18:35,0.00%,$0.00,0,0.00%
1486356967.1593167592,1,00:00:00,100.00%,$0.00,0,0.00%
1487386337.1593529510,1,00:00:45,0.00%,$0.00,0,0.00%
1494691090.1593151388,1,00:00:00,100.00%,$0.00,0,0.00%
1495934709.1593062530,1,00:00:00,100.00%,$0.00,0,0.00%
1496008869.1593347382,1,00:01:44,0.00%,$0.00,0,0.00%
1499413559.1593063338,1,00:00:24,0.00%,$0.00,0,0.00%
1504791656.1593184191,1,00:00:15,0.00%,$0.00,0,0.00%
1508025080.1593067347,1,00:01:32,0.00%,$0.00,0,0.00%
1509555856.1588218013,1,00:00:00,100.00%,$0.00,0,0.00%
1509760699.1593054861,1,00:00:00,100.00%,$0.00,0,0.00%
1512056905.1593137708,1,00:00:00,100.00%,$0.00,0,0.00%
1516239507.1593169254,1,00:01:55,0.00%,$0.00,0,0.00%
1516333128.1593015658,1,00:00:38,0.00%,$0.00,0,0.00%
1520249094.1593050623,1,00:09:47,0.00%,$0.00,0,0.00%
1522055201.1593369082,1,00:00:00,100.00%,$0.00,0,0.00%
1523034782.1593329954,1,00:02:54,0.00%,$0.00,0,0.00%
1531031571.1592977197,1,00:04:15,0.00%,$0.00,0,0.00%
1531379990.1593078761,1,00:00:20,0.00%,$0.00,0,0.00%
1531500739.1593101249,1,00:01:07,0.00%,$0.00,0,0.00%
1538295997.1593489847,1,00:00:00,100.00%,$0.00,0,0.00%
1540153476.1593525769,1,00:00:00,100.00%,$0.00,0,0.00%
1541771016.1593100000,1,00:07:51,0.00%,$0.00,0,0.00%
1544192574.1593137958,1,00:00:44,0.00%,$0.00,0,0.00%
1544839807.1593068633,1,00:00:00,100.00%,$0.00,0,0.00%
1546390208.1592444902,1,00:00:00,100.00%,$0.00,0,0.00%
1549369819.1593121831,1,00:00:00,100.00%,$0.00,0,0.00%
1549382881.1593179397,1,00:02:32,0.00%,$0.00,0,0.00%
1552314060.1593442120,1,00:00:00,100.00%,$0.00,0,0.00%
1553000772.1573226665,1,00:01:00,0.00%,$0.00,0,0.00%
1554514645.1581399729,1,00:00:17,0.00%,$0.00,0,0.00%
1556057732.1593216288,1,00:00:00,100.00%,$0.00,0,0.00%
1557333034.1593100448,1,00:00:00,100.00%,$0.00,0,0.00%
155946313.1593179872,1,00:00:07,0.00%,$0.00,0,0.00%
1559633443.1593358226,1,00:03:31,0.00%,$0.00,0,0.00%
1561358588.1592201036,1,00:00:00,100.00%,$0.00,0,0.00%
1563034305.1550320276,1,00:00:00,100.00%,$0.00,0,0.00%
1565076589.1593259938,1,00:00:00,100.00%,$0.00,0,0.00%
1565376908.1593484365,1,00:00:00,100.00%,$0.00,0,0.00%
1565635291.1593497475,1,00:00:00,100.00%,$0.00,0,0.00%
1566343804.1593179143,1,00:02:07,0.00%,$0.00,0,0.00%
1566569046.1593151387,1,00:00:00,100.00%,$0.00,0,0.00%
1567281504.1593177811,1,00:00:00,100.00%,$0.00,0,0.00%
1568500469.1593096093,1,00:00:00,100.00%,$0.00,0,0.00%
1569782153.1593535390,1,00:01:35,0.00%,$0.00,0,0.00%
1571906937.1593415575,1,00:00:00,100.00%,$0.00,0,0.00%
1573275388.1593410049,1,00:00:00,100.00%,$0.00,0,0.00%
1577367288.1593163764,1,00:00:04,0.00%,$0.00,0,0.00%
1580086607.1593363203,1,00:00:00,100.00%,$0.00,0,0.00%
1580249115.1582736504,1,00:00:51,0.00%,$0.00,0,0.00%
1582325712.1593398444,1,00:00:00,100.00%,$0.00,0,0.00%
1589368028.1593403360,1,00:00:36,0.00%,$0.00,0,0.00%
1589507447.1592713499,1,00:20:28,0.00%,$0.00,0,0.00%
1589966458.1593023053,1,00:00:00,100.00%,$0.00,0,0.00%
1590080342.1593074467,1,00:00:00,100.00%,$0.00,0,0.00%
1590210460.1593317258,1,00:00:14,0.00%,$0.00,0,0.00%
1593781295.1593409155,1,00:00:00,100.00%,$0.00,0,0.00%
1595173841.1593316660,1,00:00:00,100.00%,$0.00,0,0.00%
1597338063.1593349797,1,00:00:00,100.00%,$0.00,0,0.00%
1598105606.1593220562,1,00:00:00,100.00%,$0.00,0,0.00%
159957721.1593189467,1,00:01:21,0.00%,$0.00,0,0.00%
159986563.1593117547,1,00:00:48,0.00%,$0.00,0,0.00%
1604074808.1593226276,1,00:00:00,100.00%,$0.00,0,0.00%
1605412055.1593159448,1,00:00:00,100.00%,$0.00,0,0.00%
160613855.1593525070,1,00:00:26,0.00%,$0.00,0,0.00%
1617678371.1593261951,1,00:00:14,0.00%,$0.00,0,0.00%
1618875860.1593136295,1,00:00:00,100.00%,$0.00,0,0.00%
1620579095.1589279083,1,00:00:00,100.00%,$0.00,0,0.00%
1622737092.1593063607,1,00:00:00,100.00%,$0.00,0,0.00%
1622754812.1593419198,1,00:00:00,100.00%,$0.00,0,0.00%
1628613546.1593487067,1,00:00:00,100.00%,$0.00,0,0.00%
1629873077.1593393145,1,00:00:00,100.00%,$0.00,0,0.00%
1634464119.1593189073,1,00:00:02,0.00%,$0.00,0,0.00%
1637800439.1591719946,1,00:07:59,0.00%,$0.00,0,0.00%
1639655323.1593061886,1,00:00:00,100.00%,$0.00,0,0.00%
1640296663.1592974385,1,00:00:00,100.00%,$0.00,0,0.00%
1641150250.1593072039,1,00:00:00,100.00%,$0.00,0,0.00%
1642477864.1593100130,1,00:00:00,100.00%,$0.00,0,0.00%
1643974938.1593245177,1,00:00:00,100.00%,$0.00,0,0.00%
1644397655.1593405637,1,00:01:39,0.00%,$0.00,0,0.00%
164594690.1593419352,1,00:00:00,100.00%,$0.00,0,0.00%
1646423697.1593305383,1,00:08:17,0.00%,$0.00,0,0.00%
1649307299.1574658415,1,00:00:00,100.00%,$0.00,0,0.00%
1651350337.1593219346,1,00:02:33,0.00%,$0.00,0,0.00%
1654285391.1593173206,1,00:01:00,0.00%,$0.00,0,0.00%
1654662822.1593337963,1,00:00:00,100.00%,$0.00,0,0.00%
1659680928.1593480968,1,00:00:00,100.00%,$0.00,0,0.00%
1660385396.1564846823,1,00:00:32,0.00%,$0.00,0,0.00%
1660935399.1593430356,1,00:00:23,0.00%,$0.00,0,0.00%
1661205352.1593408802,1,00:02:52,0.00%,$0.00,0,0.00%
1671097726.1593076926,1,00:05:21,0.00%,$0.00,0,0.00%
1676574611.1593131229,1,00:00:32,0.00%,$0.00,0,0.00%
1677493880.1592809547,1,00:03:23,0.00%,$0.00,0,0.00%
1677710543.1593258741,1,00:00:35,0.00%,$0.00,0,0.00%
1678137694.1593521143,1,00:00:00,100.00%,$0.00,0,0.00%
167888712.1593441207,1,00:00:00,100.00%,$0.00,0,0.00%
1679033291.1593319593,1,00:00:25,0.00%,$0.00,0,0.00%
1679441401.1593240013,1,00:00:00,100.00%,$0.00,0,0.00%
1682546069.1593250963,1,00:00:00,100.00%,$0.00,0,0.00%
1683572095.1590586271,1,00:01:42,0.00%,$0.00,0,0.00%
1685352454.1593425718,1,00:00:00,100.00%,$0.00,0,0.00%
168545332.1593400845,1,00:00:22,0.00%,$0.00,0,0.00%
168667370.1552180043,1,00:02:15,0.00%,$0.00,0,0.00%
1689176435.1573144105,1,00:10:04,0.00%,$0.00,0,0.00%
1689659215.1593411797,1,00:00:00,100.00%,$0.00,0,0.00%
1690663756.1593295305,1,00:00:00,100.00%,$0.00,0,0.00%
1691810179.1593127829,1,00:00:00,100.00%,$0.00,0,0.00%
1692294016.1593441834,1,00:00:47,0.00%,$0.00,0,0.00%
1694991754.1593041205,1,00:00:52,0.00%,$0.00,0,0.00%
1696092143.1593210691,1,00:00:00,100.00%,$0.00,0,0.00%
1697713884.1593065543,1,00:00:00,100.00%,$0.00,0,0.00%
1700682164.1593435623,1,00:00:00,100.00%,$0.00,0,0.00%
1705121516.1593492664,1,00:00:00,100.00%,$0.00,0,0.00%
1706242243.1591448485,1,00:00:00,100.00%,$0.00,0,0.00%
1706502484.1593060502,1,00:00:00,100.00%,$0.00,0,0.00%
1708949204.1593326426,1,00:00:00,100.00%,$0.00,0,0.00%
1709090506.1593523638,1,00:00:00,100.00%,$0.00,0,0.00%
1711159517.1593493072,1,00:00:00,100.00%,$0.00,0,0.00%
1711689352.1593408789,1,00:00:00,100.00%,$0.00,0,0.00%
1712961296.1593126454,1,00:00:25,0.00%,$0.00,0,0.00%
1713135440.1593252137,1,00:00:00,100.00%,$0.00,0,0.00%
1714783254.1593068242,1,00:00:00,100.00%,$0.00,0,0.00%
1720953648.1593506929,1,00:00:00,100.00%,$0.00,0,0.00%
1721835150.1593090712,1,00:01:29,0.00%,$0.00,0,0.00%
1722883780.1593526718,1,00:00:00,100.00%,$0.00,0,0.00%
172489614.1551170071,1,00:00:09,0.00%,$0.00,0,0.00%
1734735978.1593412329,1,00:00:00,100.00%,$0.00,0,0.00%
1739863202.1593426349,1,00:01:17,0.00%,$0.00,0,0.00%
1744651089.1593023021,1,00:00:00,100.00%,$0.00,0,0.00%
1749719414.1593069930,1,00:04:37,0.00%,$0.00,0,0.00%
1750796224.1593327300,1,00:46:29,0.00%,$0.00,0,0.00%
1751372868.1593446654,1,00:00:00,100.00%,$0.00,0,0.00%
1754829142.1593068545,1,00:00:00,100.00%,$0.00,0,0.00%
1754854016.1593515605,1,00:00:44,0.00%,$0.00,0,0.00%
1754945599.1593479040,1,00:00:00,100.00%,$0.00,0,0.00%
1755779623.1593074799,1,00:03:07,0.00%,$0.00,0,0.00%
1756760232.1593060815,1,00:00:28,0.00%,$0.00,0,0.00%
1757539145.1593076263,1,00:00:00,100.00%,$0.00,0,0.00%
1764758944.1593251173,1,00:00:00,100.00%,$0.00,0,0.00%
176676686.1593429942,1,00:00:24,0.00%,$0.00,0,0.00%
177040720.1593081680,1,00:00:00,100.00%,$0.00,0,0.00%
1771829685.1593228853,1,00:01:56,0.00%,$0.00,0,0.00%
1772052764.1593244514,1,00:00:07,0.00%,$0.00,0,0.00%
1773422593.1593084575,1,00:02:56,0.00%,$0.00,0,0.00%
1775832923.1593070698,1,00:00:00,100.00%,$0.00,0,0.00%
1779139584.1587518765,1,00:00:00,100.00%,$0.00,0,0.00%
1783257285.1593253922,1,00:00:13,0.00%,$0.00,0,0.00%
1786373768.1593404950,1,00:00:00,100.00%,$0.00,0,0.00%
1787355444.1593120375,1,00:00:00,100.00%,$0.00,0,0.00%
1790167342.1593274997,1,00:00:00,100.00%,$0.00,0,0.00%
1790965442.1593134815,1,00:00:00,100.00%,$0.00,0,0.00%
1791765587.1593236488,1,00:00:05,0.00%,$0.00,0,0.00%
1795622682.1593251168,1,00:02:37,0.00%,$0.00,0,0.00%
1796730300.1593406737,1,00:00:00,100.00%,$0.00,0,0.00%
180254760.1593182713,1,00:01:04,0.00%,$0.00,0,0.00%
1803797767.1593260841,1,00:05:26,0.00%,$0.00,0,0.00%
1809644568.1593532696,1,00:00:00,100.00%,$0.00,0,0.00%
1815531311.1593039866,1,00:00:00,100.00%,$0.00,0,0.00%
1816542065.1593271787,1,00:00:00,100.00%,$0.00,0,0.00%
1816798647.1593223096,1,00:00:00,100.00%,$0.00,0,0.00%
1822428359.1593220611,1,00:00:00,100.00%,$0.00,0,0.00%
1824628869.1593425051,1,00:00:00,100.00%,$0.00,0,0.00%
182558607.1593512473,1,00:00:00,100.00%,$0.00,0,0.00%
1831108043.1593245187,1,00:00:00,100.00%,$0.00,0,0.00%
1833040026.1588667822,1,00:00:00,100.00%,$0.00,0,0.00%
1834664508.1593280369,1,00:00:53,0.00%,$0.00,0,0.00%
1836407041.1593157079,1,00:00:00,100.00%,$0.00,0,0.00%
1837694776.1593065790,1,00:00:00,100.00%,$0.00,0,0.00%
1842721717.1593437434,1,00:02:14,0.00%,$0.00,0,0.00%
1844258903.1593089742,1,00:00:00,100.00%,$0.00,0,0.00%
1844842268.1593151388,1,00:00:00,100.00%,$0.00,0,0.00%
1853612146.1593513881,1,00:00:00,100.00%,$0.00,0,0.00%
1854783146.1593265813,1,00:00:00,100.00%,$0.00,0,0.00%
1855326487.1593223096,1,00:01:43,0.00%,$0.00,0,0.00%
1855727769.1593285655,1,00:06:55,0.00%,$0.00,0,0.00%
1856145317.1593451861,1,00:00:00,100.00%,$0.00,0,0.00%
1857343884.1593412112,1,00:00:00,100.00%,$0.00,0,0.00%
1857880081.1593353749,1,00:00:00,100.00%,$0.00,0,0.00%
1860162987.1593520442,1,00:00:00,100.00%,$0.00,0,0.00%
1860902376.1593071306,1,00:00:00,100.00%,$0.00,0,0.00%
1861243730.1593301349,1,00:00:00,100.00%,$0.00,0,0.00%
1863031696.1593186914,1,00:07:03,0.00%,$0.00,0,0.00%
1864780217.1588868090,1,00:06:15,0.00%,$0.00,0,0.00%
1870074960.1593176462,1,00:00:00,100.00%,$0.00,0,0.00%
1872648270.1588128610,1,00:02:46,0.00%,$0.00,0,0.00%
187550873.1593277895,1,00:00:00,100.00%,$0.00,0,0.00%
1877751600.1593418541,1,00:00:54,0.00%,$0.00,0,0.00%
1878576237.1593060721,1,00:00:00,100.00%,$0.00,0,0.00%
1879480595.1593178826,1,00:00:00,100.00%,$0.00,0,0.00%
1880873681.1593410049,1,00:01:34,0.00%,$0.00,0,0.00%
1883408813.1590580275,1,00:00:00,100.00%,$0.00,0,0.00%
1887174387.1589945745,1,00:00:00,100.00%,$0.00,0,0.00%
1891338915.1593338704,1,00:00:00,100.00%,$0.00,0,0.00%
1892082142.1593377413,1,00:00:00,100.00%,$0.00,0,0.00%
1892474050.1593057212,1,00:33:06,0.00%,$0.00,0,0.00%
1893130234.1593414338,1,00:04:33,0.00%,$0.00,0,0.00%
1894195385.1593151393,1,00:00:00,100.00%,$0.00,0,0.00%
189710816.1593311671,1,00:01:30,0.00%,$0.00,0,0.00%
189854068.1593497040,1,00:00:00,100.00%,$0.00,0,0.00%
190022415.1593489377,1,00:01:04,0.00%,$0.00,0,0.00%
190175745.1593260783,1,00:00:00,100.00%,$0.00,0,0.00%
1902382002.1593502108,1,00:00:00,100.00%,$0.00,0,0.00%
1908792740.1593162775,1,00:00:05,0.00%,$0.00,0,0.00%
1909123172.1593231670,1,00:00:03,0.00%,$0.00,0,0.00%
1909273055.1593077878,1,00:01:24,0.00%,$0.00,0,0.00%
1910549089.1593074540,1,00:02:15,0.00%,$0.00,0,0.00%
1911983123.1593069721,1,00:00:00,100.00%,$0.00,0,0.00%
1913007917.1552960359,1,00:06:40,0.00%,$0.00,0,0.00%
1917318089.1593360882,1,00:00:00,100.00%,$0.00,0,0.00%
1922195213.1593346286,1,00:00:00,100.00%,$0.00,0,0.00%
1923817055.1593063476,1,00:00:00,100.00%,$0.00,0,0.00%
192520782.1593221639,1,00:16:14,0.00%,$0.00,0,0.00%
192810646.1593410897,1,00:00:00,100.00%,$0.00,0,0.00%
1931120886.1592674939,1,00:00:00,100.00%,$0.00,0,0.00%
193162561.1593402757,1,00:00:00,100.00%,$0.00,0,0.00%
1931887936.1593353903,1,00:07:11,0.00%,$0.00,0,0.00%
1931938757.1593415996,1,00:00:00,100.00%,$0.00,0,0.00%
1932136330.1593484974,1,00:00:00,100.00%,$0.00,0,0.00%
1933917369.1593167909,1,00:12:12,0.00%,$0.00,0,0.00%
1937304855.1593151308,1,00:00:00,100.00%,$0.00,0,0.00%
1940179007.1593365506,1,00:00:00,100.00%,$0.00,0,0.00%
1940605359.1593205145,1,00:00:00,100.00%,$0.00,0,0.00%
1941614282.1593071483,1,00:00:00,100.00%,$0.00,0,0.00%
1958080408.1593097961,1,00:04:47,0.00%,$0.00,0,0.00%
1958878845.1593427123,1,00:01:29,0.00%,$0.00,0,0.00%
1962829264.1593174524,1,00:00:00,100.00%,$0.00,0,0.00%
1965347243.1593268273,1,00:14:45,0.00%,$0.00,0,0.00%
1965349879.1581094105,1,00:00:00,100.00%,$0.00,0,0.00%
1966683496.1593407833,1,00:00:00,100.00%,$0.00,0,0.00%
1967083870.1593533623,1,00:00:00,100.00%,$0.00,0,0.00%
1968042159.1593151331,1,00:00:00,100.00%,$0.00,0,0.00%
1969565215.1593132745,1,00:00:17,0.00%,$0.00,0,0.00%
1971964526.1589771773,1,00:00:00,100.00%,$0.00,0,0.00%
197264641.1593327275,1,00:00:00,100.00%,$0.00,0,0.00%
1972789590.1592706457,1,00:00:00,100.00%,$0.00,0,0.00%
1973084866.1593236991,1,00:00:00,100.00%,$0.00,0,0.00%
1973391457.1593395003,1,00:00:34,0.00%,$0.00,0,0.00%
197495117.1593055012,1,00:00:00,100.00%,$0.00,0,0.00%
1975914723.1593373750,1,00:00:00,100.00%,$0.00,0,0.00%
1976460501.1593084150,1,00:00:00,100.00%,$0.00,0,0.00%
1977597210.1593236172,1,00:00:00,100.00%,$0.00,0,0.00%
1977963308.1593270017,1,00:00:00,100.00%,$0.00,0,0.00%
1980038194.1593126113,1,00:06:20,0.00%,$0.00,0,0.00%
1986402602.1593167049,1,00:00:00,100.00%,$0.00,0,0.00%
1986512232.1593412646,1,00:00:00,100.00%,$0.00,0,0.00%
1995692561.1593388910,1,00:00:00,100.00%,$0.00,0,0.00%
1995842725.1593237349,1,00:02:13,0.00%,$0.00,0,0.00%
2004395716.1593504581,1,00:00:00,100.00%,$0.00,0,0.00%
20050694.1592903079,1,00:00:53,0.00%,$0.00,0,0.00%
200575500.1593175571,1,00:00:00,100.00%,$0.00,0,0.00%
2006670580.1593095682,1,00:00:00,100.00%,$0.00,0,0.00%
2013057981.1593503851,1,00:00:00,100.00%,$0.00,0,0.00%
2014023533.1593431240,1,00:08:16,0.00%,$0.00,0,0.00%
2015943438.1593342292,1,00:00:00,100.00%,$0.00,0,0.00%
2015956264.1593250996,1,00:00:00,100.00%,$0.00,0,0.00%
2021747031.1593094782,1,00:00:00,100.00%,$0.00,0,0.00%
2023161952.1593144948,1,00:00:00,100.00%,$0.00,0,0.00%
2026597052.1593064081,1,00:00:00,100.00%,$0.00,0,0.00%
2032099696.1593414566,1,00:01:03,0.00%,$0.00,0,0.00%
2033463432.1593187933,1,00:00:00,100.00%,$0.00,0,0.00%
2035954958.1593311871,1,00:06:01,0.00%,$0.00,0,0.00%
203659729.1593244704,1,00:00:00,100.00%,$0.00,0,0.00%
2040773841.1593444856,1,00:00:30,0.00%,$0.00,0,0.00%
2043013836.1593323338,1,00:00:00,100.00%,$0.00,0,0.00%
2043803641.1593173165,1,00:00:13,0.00%,$0.00,0,0.00%
204625470.1550339681,1,00:07:50,0.00%,$0.00,0,0.00%
2047114763.1593062036,1,00:00:00,100.00%,$0.00,0,0.00%
2049820107.1593310541,1,00:00:00,100.00%,$0.00,0,0.00%
2053614363.1593238658,1,00:00:15,0.00%,$0.00,0,0.00%
2056029123.1593273743,1,00:00:00,100.00%,$0.00,0,0.00%
2056857739.1593332840,1,00:00:00,100.00%,$0.00,0,0.00%
2059222991.1593179231,1,00:24:18,0.00%,$0.00,0,0.00%
2061701264.1593412259,1,00:00:00,100.00%,$0.00,0,0.00%
2064664358.1593062530,1,00:14:13,0.00%,$0.00,0,0.00%
2065071959.1593309247,1,00:00:35,0.00%,$0.00,0,0.00%
2069051807.1593521129,1,00:00:11,0.00%,$0.00,0,0.00%
2072938613.1593313448,1,00:00:00,100.00%,$0.00,0,0.00%
20731652.1593077900,1,00:00:00,100.00%,$0.00,0,0.00%
2075529701.1584993253,1,00:02:41,0.00%,$0.00,0,0.00%
2079700483.1593064751,1,00:03:37,0.00%,$0.00,0,0.00%
2081391589.1593357476,1,00:00:00,100.00%,$0.00,0,0.00%
2087828306.1593528602,1,00:11:28,0.00%,$0.00,0,0.00%
2095520665.1550367153,1,00:00:08,0.00%,$0.00,0,0.00%
209708910.1593151418,1,00:00:00,100.00%,$0.00,0,0.00%
2102484868.1587982256,1,00:01:08,0.00%,$0.00,0,0.00%
2104144782.1593339994,1,00:00:00,100.00%,$0.00,0,0.00%
2109501735.1571995943,1,00:01:48,0.00%,$0.00,0,0.00%
2112680205.1593274448,1,00:06:20,0.00%,$0.00,0,0.00%
211369316.1593076232,1,00:00:00,100.00%,$0.00,0,0.00%
2114764914.1560261097,1,00:00:00,100.00%,$0.00,0,0.00%
2116906771.1593075387,1,00:03:20,0.00%,$0.00,0,0.00%
2122158584.1593425440,1,00:00:07,0.00%,$0.00,0,0.00%
2123537314.1593310500,1,00:07:25,0.00%,$0.00,0,0.00%
2125534807.1582560113,1,00:00:00,100.00%,$0.00,0,0.00%
212631236.1593219613,1,00:00:52,0.00%,$0.00,0,0.00%
2127022301.1592982799,1,00:12:24,0.00%,$0.00,0,0.00%
2127182821.1593482729,1,00:00:00,100.00%,$0.00,0,0.00%
212865191.1593374523,1,00:08:12,0.00%,$0.00,0,0.00%
2130941779.1593077677,1,00:07:55,0.00%,$0.00,0,0.00%
213488759.1593231712,1,00:00:00,100.00%,$0.00,0,0.00%
2134929188.1593222764,1,00:03:44,0.00%,$0.00,0,0.00%
2144098475.1593090408,1,00:05:12,0.00%,$0.00,0,0.00%
216742167.1593027377,1,00:00:00,100.00%,$0.00,0,0.00%
219872956.1580898606,1,00:00:00,100.00%,$0.00,0,0.00%
220808962.1593060712,1,00:01:36,0.00%,$0.00,0,0.00%
222782122.1593141054,1,00:01:26,0.00%,$0.00,0,0.00%
225477993.1574054266,1,00:00:07,0.00%,$0.00,0,0.00%
228385830.1593525079,1,00:00:00,100.00%,$0.00,0,0.00%
229158716.1593520514,1,00:00:00,100.00%,$0.00,0,0.00%
229234909.1593233009,1,00:00:00,100.00%,$0.00,0,0.00%
230681585.1593261501,1,00:00:00,100.00%,$0.00,0,0.00%
231784819.1593507884,1,00:00:00,100.00%,$0.00,0,0.00%
234783903.1564734480,1,00:00:00,100.00%,$0.00,0,0.00%
234978121.1593060912,1,00:00:06,0.00%,$0.00,0,0.00%
235254869.1592911187,1,00:41:02,0.00%,$0.00,0,0.00%
239055826.1593174579,1,00:00:00,100.00%,$0.00,0,0.00%
239471377.1593155931,1,00:00:00,100.00%,$0.00,0,0.00%
24332424.1593059784,1,00:00:00,100.00%,$0.00,0,0.00%
244829497.1581355886,1,00:00:59,0.00%,$0.00,0,0.00%
247852543.1589456713,1,00:00:00,100.00%,$0.00,0,0.00%
251752272.1593078385,1,00:00:00,100.00%,$0.00,0,0.00%
254037920.1593075149,1,00:00:00,100.00%,$0.00,0,0.00%
259131203.1589969003,1,00:00:00,100.00%,$0.00,0,0.00%
259296804.1593162787,1,00:01:16,0.00%,$0.00,0,0.00%
262095030.1593423090,1,00:00:05,0.00%,$0.00,0,0.00%
26383298.1593307716,1,00:00:10,0.00%,$0.00,0,0.00%
265740156.1593180189,1,00:00:00,100.00%,$0.00,0,0.00%
266110894.1588654596,1,00:13:22,0.00%,$0.00,0,0.00%
269213405.1593180206,1,00:01:11,0.00%,$0.00,0,0.00%
271299361.1593411642,1,00:00:00,100.00%,$0.00,0,0.00%
271328527.1593091007,1,00:00:00,100.00%,$0.00,0,0.00%
277446172.1593402787,1,00:00:10,0.00%,$0.00,0,0.00%
278895596.1593183943,1,00:00:00,100.00%,$0.00,0,0.00%
280553929.1593172586,1,00:06:10,0.00%,$0.00,0,0.00%
283944264.1593362110,1,00:01:07,0.00%,$0.00,0,0.00%
284361862.1593269439,1,00:00:00,100.00%,$0.00,0,0.00%
286438138.1593260764,1,00:00:00,100.00%,$0.00,0,0.00%
286837495.1593097976,1,00:13:22,0.00%,$0.00,0,0.00%
287491465.1593176846,1,00:00:00,100.00%,$0.00,0,0.00%
293285881.1593497673,1,00:00:00,100.00%,$0.00,0,0.00%
295389114.1593360260,1,00:00:00,100.00%,$0.00,0,0.00%
295911889.1565265960,1,00:01:57,0.00%,$0.00,0,0.00%
298359347.1593417460,1,00:17:40,0.00%,$0.00,0,0.00%
29841717.1593289569,1,00:00:00,100.00%,$0.00,0,0.00%
29951616.1593151418,1,00:00:00,100.00%,$0.00,0,0.00%
299938343.1593135445,1,00:01:21,0.00%,$0.00,0,0.00%
300812612.1593070521,1,00:17:33,0.00%,$0.00,0,0.00%
301176247.1593061685,1,00:03:57,0.00%,$0.00,0,0.00%
302837125.1592988695,1,00:00:00,100.00%,$0.00,0,0.00%
304412835.1593411365,1,00:00:42,0.00%,$0.00,0,0.00%
307453547.1593442105,1,00:02:37,0.00%,$0.00,0,0.00%
309939750.1593146870,1,00:00:00,100.00%,$0.00,0,0.00%
310951539.1593075012,1,00:05:08,0.00%,$0.00,0,0.00%
311719498.1593263703,1,00:00:00,100.00%,$0.00,0,0.00%
314415261.1593153696,1,00:00:00,100.00%,$0.00,0,0.00%
318166570.1593499819,1,00:00:00,100.00%,$0.00,0,0.00%
320756970.1593018304,1,00:00:29,0.00%,$0.00,0,0.00%
325059474.1593384935,1,00:00:00,100.00%,$0.00,0,0.00%
327131030.1593062938,1,00:00:00,100.00%,$0.00,0,0.00%
331138430.1593346396,1,00:01:14,0.00%,$0.00,0,0.00%
332172805.1593425996,1,00:00:00,100.00%,$0.00,0,0.00%
332273196.1593414859,1,00:00:00,100.00%,$0.00,0,0.00%
332507200.1593078576,1,00:00:59,0.00%,$0.00,0,0.00%
333302601.1592281035,1,00:00:00,100.00%,$0.00,0,0.00%
334433636.1587207000,1,00:00:00,100.00%,$0.00,0,0.00%
341657444.1593526843,1,00:00:00,100.00%,$0.00,0,0.00%
344794660.1593143898,1,00:00:00,100.00%,$0.00,0,0.00%
348675982.1593194907,1,00:00:00,100.00%,$0.00,0,0.00%
349657037.1593397434,1,00:00:00,100.00%,$0.00,0,0.00%
354891894.1592979229,1,00:00:56,0.00%,$0.00,0,0.00%
355991983.1593093779,1,00:00:47,0.00%,$0.00,0,0.00%
358519588.1593269346,1,00:00:00,100.00%,$0.00,0,0.00%
358584124.1593366960,1,00:00:00,100.00%,$0.00,0,0.00%
359162839.1593262576,1,00:00:27,0.00%,$0.00,0,0.00%
359592863.1593374689,1,00:00:03,0.00%,$0.00,0,0.00%
36186885.1593061965,1,00:09:09,0.00%,$0.00,0,0.00%
363019289.1592970834,1,00:00:06,0.00%,$0.00,0,0.00%
363250723.1593276609,1,00:01:04,0.00%,$0.00,0,0.00%
363360489.1590033014,1,00:01:04,0.00%,$0.00,0,0.00%
364628584.1593224996,1,00:00:08,0.00%,$0.00,0,0.00%
366480216.1593478927,1,00:00:00,100.00%,$0.00,0,0.00%
366533855.1593486619,1,00:00:00,100.00%,$0.00,0,0.00%
367465371.1593425788,1,00:00:57,0.00%,$0.00,0,0.00%
37030812.1593410164,1,00:00:00,100.00%,$0.00,0,0.00%
381227643.1593238091,1,00:00:00,100.00%,$0.00,0,0.00%
385917425.1593337446,1,00:00:43,0.00%,$0.00,0,0.00%
386001416.1593491672,1,00:29:31,0.00%,$0.00,0,0.00%
389208120.1593428339,1,00:00:00,100.00%,$0.00,0,0.00%
389571505.1593143296,1,00:00:00,100.00%,$0.00,0,0.00%
390614867.1593326910,1,00:00:27,0.00%,$0.00,0,0.00%
397039295.1593312425,1,00:00:00,100.00%,$0.00,0,0.00%
397245032.1593414045,1,00:00:00,100.00%,$0.00,0,0.00%
39845452.1577802732,1,00:00:03,0.00%,$0.00,0,0.00%
39911278.1593059583,1,00:00:00,100.00%,$0.00,0,0.00%
399962397.1590850765,1,00:00:00,100.00%,$0.00,0,0.00%
400218366.1593232172,1,00:00:00,100.00%,$0.00,0,0.00%
400253514.1593525020,1,00:00:26,0.00%,$0.00,0,0.00%
406775457.1593411846,1,00:00:00,100.00%,$0.00,0,0.00%
406953072.1593201358,1,00:00:00,100.00%,$0.00,0,0.00%
409355429.1593151422,1,00:00:00,100.00%,$0.00,0,0.00%
412171306.1593420522,1,00:00:00,100.00%,$0.00,0,0.00%
41673380.1593339865,1,00:03:32,0.00%,$0.00,0,0.00%
417850340.1590110954,1,00:05:59,0.00%,$0.00,0,0.00%
418143287.1593514099,1,00:00:00,100.00%,$0.00,0,0.00%
418653462.1593396747,1,00:06:02,0.00%,$0.00,0,0.00%
419436108.1593424736,1,00:00:00,100.00%,$0.00,0,0.00%
420375204.1565672276,1,00:03:05,0.00%,$0.00,0,0.00%
421887977.1593529055,1,00:00:00,100.00%,$0.00,0,0.00%
427213328.1593244227,1,00:00:00,100.00%,$0.00,0,0.00%
428941406.1593264712,1,00:00:00,100.00%,$0.00,0,0.00%
431158789.1588060303,1,00:00:00,100.00%,$0.00,0,0.00%
431941513.1593402864,1,00:00:21,0.00%,$0.00,0,0.00%
4343075.1542716528,1,00:00:47,0.00%,$0.00,0,0.00%
434651437.1593241216,1,00:00:00,100.00%,$0.00,0,0.00%
436379192.1593151421,1,00:00:00,100.00%,$0.00,0,0.00%
437659602.1593216857,1,00:00:00,100.00%,$0.00,0,0.00%
437730177.1593456533,1,00:00:59,0.00%,$0.00,0,0.00%
438183328.1593362112,1,00:00:12,0.00%,$0.00,0,0.00%
438292530.1593380327,1,00:06:26,0.00%,$0.00,0,0.00%
438330357.1593062308,1,00:01:19,0.00%,$0.00,0,0.00%
438989492.1593411857,1,00:03:02,0.00%,$0.00,0,0.00%
440264728.1593133439,1,00:00:00,100.00%,$0.00,0,0.00%
440517803.1586401438,1,00:05:14,0.00%,$0.00,0,0.00%
44103954.1574532862,1,00:00:11,0.00%,$0.00,0,0.00%
442694339.1593313759,1,00:00:55,0.00%,$0.00,0,0.00%
444385734.1593171743,1,00:07:26,0.00%,$0.00,0,0.00%
447364575.1593276898,1,00:00:00,100.00%,$0.00,0,0.00%
455162011.1593094424,1,00:00:00,100.00%,$0.00,0,0.00%
456021999.1593411614,1,00:00:00,100.00%,$0.00,0,0.00%
457495815.1593121312,1,00:00:00,100.00%,$0.00,0,0.00%
460255254.1593226657,1,00:01:02,0.00%,$0.00,0,0.00%
460673563.1593143199,1,00:00:00,100.00%,$0.00,0,0.00%
46662019.1593191476,1,00:00:00,100.00%,$0.00,0,0.00%
468655760.1593169692,1,00:00:00,100.00%,$0.00,0,0.00%
469338451.1593172672,1,00:00:20,0.00%,$0.00,0,0.00%
471250025.1593353547,1,00:00:00,100.00%,$0.00,0,0.00%
471968456.1593196018,1,00:00:00,100.00%,$0.00,0,0.00%
472648031.1593108771,1,00:00:00,100.00%,$0.00,0,0.00%
472735890.1592911708,1,00:00:00,100.00%,$0.00,0,0.00%
472892776.1593254551,1,00:00:00,100.00%,$0.00,0,0.00%
476065977.1593452295,1,00:25:07,0.00%,$0.00,0,0.00%
477669589.1589465556,1,00:00:00,100.00%,$0.00,0,0.00%
480606566.1593288792,1,00:00:00,100.00%,$0.00,0,0.00%
482302000.1593081170,1,00:00:27,0.00%,$0.00,0,0.00%
484281611.1593242370,1,00:00:00,100.00%,$0.00,0,0.00%
485674205.1593084721,1,00:00:00,100.00%,$0.00,0,0.00%
489002501.1593075589,1,00:00:37,0.00%,$0.00,0,0.00%
48924325.1593053833,1,00:00:00,100.00%,$0.00,0,0.00%
489341058.1578454149,1,00:00:00,100.00%,$0.00,0,0.00%
498334086.1593087323,1,00:00:00,100.00%,$0.00,0,0.00%
500080642.1593409732,1,00:00:44,0.00%,$0.00,0,0.00%
500234553.1593021199,1,00:00:19,0.00%,$0.00,0,0.00%
505059215.1593131497,1,00:01:25,0.00%,$0.00,0,0.00%
509730889.1593053965,1,00:00:00,100.00%,$0.00,0,0.00%
511845874.1593328812,1,00:00:00,100.00%,$0.00,0,0.00%
512048232.1593280922,1,00:00:15,0.00%,$0.00,0,0.00%
516483546.1593504074,1,00:00:00,100.00%,$0.00,0,0.00%
517521875.1593235133,1,00:08:59,0.00%,$0.00,0,0.00%
520318699.1593154354,1,00:00:43,0.00%,$0.00,0,0.00%
522857909.1593364462,1,00:00:00,100.00%,$0.00,0,0.00%
527895345.1593163094,1,00:00:00,100.00%,$0.00,0,0.00%
527926586.1593487748,1,00:00:00,100.00%,$0.00,0,0.00%
530884546.1593092548,1,00:13:02,0.00%,$0.00,0,0.00%
532159379.1593233715,1,00:00:00,100.00%,$0.00,0,0.00%
532300198.1593238759,1,00:00:28,0.00%,$0.00,0,0.00%
537361240.1593179282,1,00:00:00,100.00%,$0.00,0,0.00%
540367686.1593179193,1,00:03:56,0.00%,$0.00,0,0.00%
541244904.1593145906,1,00:06:01,0.00%,$0.00,0,0.00%
541711299.1590814520,1,00:07:00,0.00%,$0.00,0,0.00%
5421003.1593361982,1,00:02:55,0.00%,$0.00,0,0.00%
546149373.1593094522,1,00:00:00,100.00%,$0.00,0,0.00%
552159616.1593062077,1,00:07:36,0.00%,$0.00,0,0.00%
553087689.1548505867,1,00:00:25,0.00%,$0.00,0,0.00%
553581345.1593134121,1,00:00:00,100.00%,$0.00,0,0.00%
557183476.1593102117,1,00:00:00,100.00%,$0.00,0,0.00%
560109605.1593091627,1,00:00:00,100.00%,$0.00,0,0.00%
560856161.1593399164,1,00:00:00,100.00%,$0.00,0,0.00%
563950967.1593499898,1,00:00:00,100.00%,$0.00,0,0.00%
56642555.1593235666,1,00:00:00,100.00%,$0.00,0,0.00%
566975440.1553340319,1,00:01:05,0.00%,$0.00,0,0.00%
569842686.1593503482,1,00:00:00,100.00%,$0.00,0,0.00%
571852992.1593100249,1,00:01:07,0.00%,$0.00,0,0.00%
572588284.1593476691,1,00:00:00,100.00%,$0.00,0,0.00%
575167108.1593500464,1,00:00:00,100.00%,$0.00,0,0.00%
576452844.1593298102,1,00:00:00,100.00%,$0.00,0,0.00%
57792066.1593169739,1,00:00:00,100.00%,$0.00,0,0.00%
578069369.1593413904,1,00:00:00,100.00%,$0.00,0,0.00%
579083143.1593508781,1,00:00:45,0.00%,$0.00,0,0.00%
580847030.1589134718,1,00:22:03,0.00%,$0.00,0,0.00%
582470814.1593172541,1,00:00:03,0.00%,$0.00,0,0.00%
582907702.1593112063,1,00:09:39,0.00%,$0.00,0,0.00%
587753948.1542329895,1,00:01:56,0.00%,$0.00,0,0.00%
591307591.1593529886,1,00:00:00,100.00%,$0.00,0,0.00%
593537539.1593532980,1,00:00:00,100.00%,$0.00,0,0.00%
594155119.1593416912,1,00:00:35,0.00%,$0.00,0,0.00%
59575624.1593057961,1,00:00:00,100.00%,$0.00,0,0.00%
598646551.1593430114,1,00:02:42,0.00%,$0.00,0,0.00%
608400643.1590573403,1,00:00:00,100.00%,$0.00,0,0.00%
610403578.1552786623,1,00:00:00,100.00%,$0.00,0,0.00%
612271953.1593320146,1,00:00:04,0.00%,$0.00,0,0.00%
615634693.1593230783,1,00:01:50,0.00%,$0.00,0,0.00%
619026065.1582908403,1,00:00:00,100.00%,$0.00,0,0.00%
619499103.1593235649,1,00:00:55,0.00%,$0.00,0,0.00%
619910013.1593440759,1,00:00:00,100.00%,$0.00,0,0.00%
620073153.1593164190,1,00:00:00,100.00%,$0.00,0,0.00%
620706134.1593151113,1,00:00:00,100.00%,$0.00,0,0.00%
622059620.1593449019,1,00:16:13,0.00%,$0.00,0,0.00%
622107737.1593078456,1,00:00:00,100.00%,$0.00,0,0.00%
62311466.1593267924,1,00:00:00,100.00%,$0.00,0,0.00%
623874906.1592987200,1,00:00:16,0.00%,$0.00,0,0.00%
624583860.1593409908,1,00:00:00,100.00%,$0.00,0,0.00%
628945451.1553425679,1,00:00:35,0.00%,$0.00,0,0.00%
630474051.1593494488,1,00:00:00,100.00%,$0.00,0,0.00%
631144442.1593437341,1,00:07:01,0.00%,$0.00,0,0.00%
633055249.1593151390,1,00:00:00,100.00%,$0.00,0,0.00%
633643945.1593175065,1,00:00:00,100.00%,$0.00,0,0.00%
636442883.1593324273,1,00:51:01,0.00%,$0.00,0,0.00%
637039617.1588000136,1,00:00:00,100.00%,$0.00,0,0.00%
642034368.1593484951,1,00:00:39,0.00%,$0.00,0,0.00%
642089387.1593068946,1,00:00:00,100.00%,$0.00,0,0.00%
64241703.1587988807,1,00:02:25,0.00%,$0.00,0,0.00%
64521475.1593476507,1,00:00:07,0.00%,$0.00,0,0.00%
646249828.1593358606,1,00:00:05,0.00%,$0.00,0,0.00%
650950572.1593090476,1,00:01:27,0.00%,$0.00,0,0.00%
653287387.1593262763,1,00:00:00,100.00%,$0.00,0,0.00%
653696192.1593307530,1,00:00:00,100.00%,$0.00,0,0.00%
660488880.1593408047,1,00:00:00,100.00%,$0.00,0,0.00%
661784090.1593101242,1,00:00:49,0.00%,$0.00,0,0.00%
664133584.1593178568,1,00:00:00,100.00%,$0.00,0,0.00%
666166341.1593077086,1,00:01:30,0.00%,$0.00,0,0.00%
666719175.1593128285,1,00:00:00,100.00%,$0.00,0,0.00%
670236126.1589972435,1,00:00:03,0.00%,$0.00,0,0.00%
67427861.1593529482,1,00:01:25,0.00%,$0.00,0,0.00%
674991233.1593411139,1,00:00:00,100.00%,$0.00,0,0.00%
675156697.1589969923,1,00:05:50,0.00%,$0.00,0,0.00%
679417988.1593412269,1,00:00:00,100.00%,$0.00,0,0.00%
683121178.1593315176,1,00:00:06,0.00%,$0.00,0,0.00%
683241890.1593089743,1,00:00:10,0.00%,$0.00,0,0.00%
683329359.1593061388,1,00:00:00,0.00%,$0.00,0,0.00%
685028720.1593410392,1,00:01:56,0.00%,$0.00,0,0.00%
686432305.1593262304,1,00:00:00,100.00%,$0.00,0,0.00%
687575781.1593367416,1,00:00:00,100.00%,$0.00,0,0.00%
693500627.1593433442,1,00:00:00,100.00%,$0.00,0,0.00%
693967218.1593216652,1,00:00:00,100.00%,$0.00,0,0.00%
694355182.1593489324,1,00:00:00,100.00%,$0.00,0,0.00%
700677822.1593256840,1,00:00:00,100.00%,$0.00,0,0.00%
700995418.1593156443,1,00:00:00,100.00%,$0.00,0,0.00%
702564643.1593062890,1,00:02:21,0.00%,$0.00,0,0.00%
703212267.1593443788,1,00:02:33,0.00%,$0.00,0,0.00%
704958773.1593474662,1,00:00:00,100.00%,$0.00,0,0.00%
708855816.1593102765,1,00:00:00,100.00%,$0.00,0,0.00%
710256677.1577273164,1,00:00:00,100.00%,$0.00,0,0.00%
716450452.1550829111,1,00:01:06,0.00%,$0.00,0,0.00%
718499358.1593192677,1,00:00:00,100.00%,$0.00,0,0.00%
719966162.1593236272,1,00:00:00,100.00%,$0.00,0,0.00%
7276429.1593261632,1,00:01:44,0.00%,$0.00,0,0.00%
733474021.1553280811,1,00:00:00,100.00%,$0.00,0,0.00%
735059698.1593530406,1,00:00:00,100.00%,$0.00,0,0.00%
736913956.1593317884,1,00:01:19,0.00%,$0.00,0,0.00%
737138034.1593095872,1,00:00:23,0.00%,$0.00,0,0.00%
743156855.1593369450,1,00:02:58,0.00%,$0.00,0,0.00%
745146368.1593277375,1,00:00:48,0.00%,$0.00,0,0.00%
746478253.1593409420,1,00:00:09,0.00%,$0.00,0,0.00%
747665523.1593147404,1,00:00:00,100.00%,$0.00,0,0.00%
748750103.1593063108,1,00:01:42,0.00%,$0.00,0,0.00%
748782054.1592904407,1,00:00:00,100.00%,$0.00,0,0.00%
749435092.1593082974,1,00:15:42,0.00%,$0.00,0,0.00%
756899366.1593286770,1,00:01:36,0.00%,$0.00,0,0.00%
759288826.1593132322,1,00:04:14,0.00%,$0.00,0,0.00%
759337823.1593335115,1,00:00:00,100.00%,$0.00,0,0.00%
760956719.1593229050,1,00:01:09,0.00%,$0.00,0,0.00%
761203532.1593267655,1,00:00:00,100.00%,$0.00,0,0.00%
762319174.1582436557,1,00:00:00,100.00%,$0.00,0,0.00%
7692615.1592899845,1,00:00:00,100.00%,$0.00,0,0.00%
769516876.1593223204,1,00:00:00,100.00%,$0.00,0,0.00%
772303923.1593156735,1,00:00:00,100.00%,$0.00,0,0.00%
772339086.1585466097,1,00:00:00,100.00%,$0.00,0,0.00%
775910261.1593142087,1,00:00:00,100.00%,$0.00,0,0.00%
779377503.1593246495,1,00:02:45,0.00%,$0.00,0,0.00%
780057311.1593404425,1,00:00:00,100.00%,$0.00,0,0.00%
782372070.1593504718,1,00:00:00,100.00%,$0.00,0,0.00%
78464394.1593060932,1,00:12:58,0.00%,$0.00,0,0.00%
785773353.1593072110,1,00:00:05,0.00%,$0.00,0,0.00%
786951533.1593156665,1,00:00:00,100.00%,$0.00,0,0.00%
787820587.1593427406,1,00:00:32,0.00%,$0.00,0,0.00%
788666563.1593312641,1,00:00:00,100.00%,$0.00,0,0.00%
791556307.1593438059,1,00:00:20,0.00%,$0.00,0,0.00%
792535517.1593324447,1,00:00:00,100.00%,$0.00,0,0.00%
795409352.1593231626,1,00:09:40,0.00%,$0.00,0,0.00%
797162030.1593266918,1,00:00:00,100.00%,$0.00,0,0.00%
797912614.1593417843,1,00:00:00,100.00%,$0.00,0,0.00%
798829159.1593159303,1,00:06:09,0.00%,$0.00,0,0.00%
80364141.1582256005,1,00:01:23,0.00%,$0.00,0,0.00%
804226765.1593220597,1,00:00:00,100.00%,$0.00,0,0.00%
80630205.1593330118,1,00:00:00,100.00%,$0.00,0,0.00%
806691423.1593061098,1,00:02:27,0.00%,$0.00,0,0.00%
811200017.1593237729,1,00:00:00,100.00%,$0.00,0,0.00%
811766231.1593112344,1,00:00:00,100.00%,$0.00,0,0.00%
812167164.1593512436,1,00:00:00,100.00%,$0.00,0,0.00%
815005784.1574399475,1,00:06:18,0.00%,$0.00,0,0.00%
81991622.1593340560,1,00:01:30,0.00%,$0.00,0,0.00%
821431467.1593354936,1,00:00:15,0.00%,$0.00,0,0.00%
821544783.1592972692,1,00:03:41,0.00%,$0.00,0,0.00%
822741323.1593445364,1,00:00:03,0.00%,$0.00,0,0.00%
824381394.1593158174,1,00:00:00,100.00%,$0.00,0,0.00%
827470352.1593430937,1,00:00:00,100.00%,$0.00,0,0.00%
827696293.1593004367,1,00:00:32,0.00%,$0.00,0,0.00%
827990328.1593503089,1,00:00:00,100.00%,$0.00,0,0.00%
829862616.1593351084,1,00:00:00,100.00%,$0.00,0,0.00%
830715817.1593267025,1,00:00:00,100.00%,$0.00,0,0.00%
833289589.1571365555,1,00:00:00,100.00%,$0.00,0,0.00%
833710555.1593422770,1,00:00:58,0.00%,$0.00,0,0.00%
836769946.1593486888,1,00:03:27,0.00%,$0.00,0,0.00%
846071940.1593260065,1,00:00:18,0.00%,$0.00,0,0.00%
846447784.1548484781,1,00:00:09,0.00%,$0.00,0,0.00%
847244299.1593396970,1,00:03:27,0.00%,$0.00,0,0.00%
858139445.1582727355,1,00:00:00,100.00%,$0.00,0,0.00%
859408201.1593402464,1,00:02:08,0.00%,$0.00,0,0.00%
861310907.1593431816,1,00:00:00,100.00%,$0.00,0,0.00%
863775870.1587987723,1,00:01:10,0.00%,$0.00,0,0.00%
866799624.1593271758,1,00:00:00,100.00%,$0.00,0,0.00%
868156926.1593414223,1,00:02:43,0.00%,$0.00,0,0.00%
870364060.1593193963,1,00:00:00,100.00%,$0.00,0,0.00%
870731477.1593077193,1,00:00:12,0.00%,$0.00,0,0.00%
872760678.1574407657,1,00:00:12,0.00%,$0.00,0,0.00%
874130798.1593078142,1,00:00:00,100.00%,$0.00,0,0.00%
874359351.1554532185,1,00:15:00,0.00%,$0.00,0,0.00%
877833060.1593253715,1,00:01:58,0.00%,$0.00,0,0.00%
87865277.1593163784,1,00:08:40,0.00%,$0.00,0,0.00%
880925391.1593286722,1,00:00:00,100.00%,$0.00,0,0.00%
885156215.1593073538,1,00:00:00,100.00%,$0.00,0,0.00%
887045624.1593174396,1,00:00:00,100.00%,$0.00,0,0.00%
887442019.1593065332,1,00:00:00,100.00%,$0.00,0,0.00%
894307952.1593060510,1,00:00:00,100.00%,$0.00,0,0.00%
894361484.1592831159,1,00:00:00,100.00%,$0.00,0,0.00%
895372803.1593095469,1,00:02:01,0.00%,$0.00,0,0.00%
896399700.1591773541,1,00:21:07,0.00%,$0.00,0,0.00%
896785534.1591260750,1,00:00:00,100.00%,$0.00,0,0.00%
899821963.1592984609,1,00:05:59,0.00%,$0.00,0,0.00%
901287523.1593164507,1,00:00:00,100.00%,$0.00,0,0.00%
903893247.1593173609,1,00:00:00,100.00%,$0.00,0,0.00%
904698884.1593070602,1,00:00:00,100.00%,$0.00,0,0.00%
905436096.1593184504,1,00:01:41,0.00%,$0.00,0,0.00%
905504290.1593109813,1,00:00:00,100.00%,$0.00,0,0.00%
908370090.1593093005,1,00:01:33,0.00%,$0.00,0,0.00%
909517135.1593317225,1,00:00:00,100.00%,$0.00,0,0.00%
913363505.1585811888,1,00:00:00,100.00%,$0.00,0,0.00%
914679330.1589966455,1,00:01:06,0.00%,$0.00,0,0.00%
915446837.1593244965,1,00:00:00,100.00%,$0.00,0,0.00%
91565721.1593136866,1,00:00:00,100.00%,$0.00,0,0.00%
916094737.1593101493,1,00:07:43,0.00%,$0.00,0,0.00%
916631864.1593239757,1,00:00:00,100.00%,$0.00,0,0.00%
9168940.1593265896,1,00:00:00,100.00%,$0.00,0,0.00%
917177657.1592923311,1,00:00:00,100.00%,$0.00,0,0.00%
920657775.1585586435,1,00:00:00,100.00%,$0.00,0,0.00%
924757935.1593274416,1,00:00:00,100.00%,$0.00,0,0.00%
925624279.1593229152,1,00:06:23,0.00%,$0.00,0,0.00%
927359260.1593061630,1,00:00:00,100.00%,$0.00,0,0.00%
928305348.1593426079,1,00:02:20,0.00%,$0.00,0,0.00%
928750454.1593258084,1,00:00:10,0.00%,$0.00,0,0.00%
929220512.1593261632,1,00:00:31,0.00%,$0.00,0,0.00%
929838086.1593265364,1,00:00:57,0.00%,$0.00,0,0.00%
930213116.1593173630,1,00:00:00,100.00%,$0.00,0,0.00%
931183343.1590139414,1,00:00:05,0.00%,$0.00,0,0.00%
932184444.1593404862,1,00:00:00,100.00%,$0.00,0,0.00%
932299540.1593079552,1,00:00:00,100.00%,$0.00,0,0.00%
932866955.1593077865,1,00:02:51,0.00%,$0.00,0,0.00%
933111990.1593461510,1,00:00:00,100.00%,$0.00,0,0.00%
933750294.1575987691,1,00:05:43,0.00%,$0.00,0,0.00%
933976877.1593347151,1,00:00:00,100.00%,$0.00,0,0.00%
935419199.1593062536,1,00:00:18,0.00%,$0.00,0,0.00%
937589580.1593317548,1,00:00:00,100.00%,$0.00,0,0.00%
93864910.1593177315,1,00:00:00,100.00%,$0.00,0,0.00%
938938038.1593465853,1,00:00:00,100.00%,$0.00,0,0.00%
939428024.1592976743,1,00:00:06,0.00%,$0.00,0,0.00%
943631633.1593365675,1,00:00:00,100.00%,$0.00,0,0.00%
943911172.1593068680,1,00:00:08,0.00%,$0.00,0,0.00%
944114990.1593402034,1,00:00:00,100.00%,$0.00,0,0.00%
944488663.1593168430,1,00:02:17,0.00%,$0.00,0,0.00%
945781483.1593259837,1,00:00:44,0.00%,$0.00,0,0.00%
946245486.1592978517,1,00:00:02,0.00%,$0.00,0,0.00%
948447752.1593149057,1,00:00:00,100.00%,$0.00,0,0.00%
949719407.1593176423,1,00:00:00,100.00%,$0.00,0,0.00%
953027429.1593335602,1,00:00:00,100.00%,$0.00,0,0.00%
956148749.1593413141,1,00:00:00,100.00%,$0.00,0,0.00%
956704767.1593146638,1,00:00:00,100.00%,$0.00,0,0.00%
95985599.1574588602,1,00:00:11,0.00%,$0.00,0,0.00%
960494586.1593337860,1,00:00:00,100.00%,$0.00,0,0.00%
962906987.1593037117,1,00:00:41,0.00%,$0.00,0,0.00%
965775566.1593225689,1,00:00:00,100.00%,$0.00,0,0.00%
969416001.1593099377,1,00:00:43,0.00%,$0.00,0,0.00%
97216301.1593070636,1,00:00:33,0.00%,$0.00,0,0.00%
973003614.1593455438,1,00:00:12,0.00%,$0.00,0,0.00%
974315303.1593178902,1,00:00:00,100.00%,$0.00,0,0.00%
975601962.1593163140,1,00:00:00,100.00%,$0.00,0,0.00%
976676217.1593145336,1,00:00:00,100.00%,$0.00,0,0.00%
977588810.1593073543,1,00:00:00,100.00%,$0.00,0,0.00%
977776863.1593406099,1,00:01:35,0.00%,$0.00,0,0.00%
978226845.1593066210,1,00:00:36,0.00%,$0.00,0,0.00%
979152379.1593506835,1,00:00:00,100.00%,$0.00,0,0.00%
980741105.1593172306,1,00:00:00,100.00%,$0.00,0,0.00%
982647316.1593525477,1,00:00:00,100.00%,$0.00,0,0.00%
982778147.1593095041,1,00:04:22,0.00%,$0.00,0,0.00%
983522830.1593064596,1,00:00:00,100.00%,$0.00,0,0.00%
984039011.1593060996,1,00:00:50,0.00%,$0.00,0,0.00%
985717311.1593053704,1,00:00:10,0.00%,$0.00,0,0.00%
986690257.1593512983,1,00:00:18,0.00%,$0.00,0,0.00%
987107874.1593069236,1,00:06:25,0.00%,$0.00,0,0.00%
987781074.1593176358,1,00:02:19,0.00%,$0.00,0,0.00%
988277827.1593294373,1,00:00:21,0.00%,$0.00,0,0.00%
994859679.1593070303,1,00:00:00,100.00%,$0.00,0,0.00%
996076279.1593049554,1,00:01:18,0.00%,$0.00,0,0.00%
